Fund Name,ISIN,Asset Class,Sub-Category,Region,Funding Source,Distribution Type,Risk Rating (1-7),Fund Fees % p.a. (after Endowus cashback),1Y Return %,3Y Return % (annualised),1Y Payout % (Dist. funds)
Franklin Gold and Precious Metals Fund,LU2404266335,Equity,Commodities,Global,USD Cash,Accumulating,6,1.02,107.7,49.9,
Franklin Gold and Precious Metals Fund,LU2404266418,Equity,Commodities,Global,"SGD Cash, SRS",Accumulating,6,1.02,102.3,47.6,
BlackRock BGF World Mining Fund,LU0252968341,Equity,Commodities,Global,USD Cash,Accumulating,6,1.31,81.3,20.0,
BlackRock BGF World Mining Fund SGD-Hedged,LU0827890228,Equity,Commodities,Global,"SGD Cash, SRS",Accumulating,6,1.31,75.7,16.9,
Ninety One Global Natural Resources Fund (Dist.),LU0345781412,Equity,Commodities,Global,USD Cash,Distributing,6,1.15,62.5,19.9,0.5
Ninety One Global Natural Resources Fund SGD-Hedged,LU0638888429,Equity,Commodities,Global,SGD Cash,Accumulating,6,1.25,58.0,16.9,
GMO Resources Fund,IE00BLR74S61,Equity,Commodities,Global,USD Cash,Accumulating,6,0.76,92.9,10.5,
GMO Resources Fund,IE00BLR75050,Equity,Commodities,Global,SGD Cash,Accumulating,6,0.76,88.0,8.7,
DWS Invest Global Agribusiness Fund,LU0273164847,Equity,Commodities,Global,USD Cash,Accumulating,6,0.89,10.6,-0.4,
DWS Invest Global Agribusiness Fund,LU2052525768,Equity,Commodities,Global,SGD Cash,Accumulating,6,0.89,7.9,-1.9,
Neuberger Berman Next Generation Connectivity Fund,IE00BMPRXN33,Equity,Technology,Global,USD Cash,Accumulating,6,0.97,84.3,43.7,
Neuberger Berman Next Generation Connectivity Fund SGD-Hedged,IE00BMPRXR70,Equity,Technology,Global,"SGD Cash, SRS",Accumulating,6,0.97,79.1,40.5,
BlackRock BGF Next Generation Technology Fund,LU1861216197,Equity,Technology,Global,USD Cash,Accumulating,6,0.99,94.7,36.3,
BlackRock BGF Next Generation Technology Fund SGD-Hedged,LU2290526321,Equity,Technology,Global,"SGD Cash, SRS",Accumulating,6,0.99,88.6,33.3,
BlackRock BGF World Technology Fund,LU0724618946,Equity,Technology,Global,USD Cash,Accumulating,6,1.06,58.1,33.8,
BlackRock BGF World Technology Fund SGD-Hedged,LU1852331112,Equity,Technology,Global,"SGD Cash, SRS",Accumulating,6,1.26,52.1,29.9,
Janus Henderson Horizon Global Technology Leaders Fund,LU0070992663,Equity,Technology,Global,USD Cash,Accumulating,6,1.15,54.3,32.7,
Janus Henderson Horizon Global Technology Leaders Fund,LU1316542783,Equity,Technology,Global,"SGD Cash, SRS",Accumulating,6,1.15,50.6,30.6,
Franklin Technology Fund,LU0109392836,Equity,Technology,Global,USD Cash,Accumulating,6,1.05,47.2,29.8,
Franklin Technology Fund SGD-Hedged,LU1803068979,Equity,Technology,Global,"SGD Cash, SRS",Accumulating,6,1.06,42.7,26.7,
JPM US Technology Fund (Dist.),LU0082616367,Equity,Technology,US,USD Cash,Distributing,6,0.96,34.9,28.8,0.0
JPM US Technology Fund,LU0719512351,Equity,Technology,US,"SGD Cash, SRS",Accumulating,6,1.05,31.5,26.7,
Allianz Global Artificial Intelligence Fund,LU1548497426,Equity,Technology,Global,USD Cash,Accumulating,6,1.23,51.8,27.6,
Allianz Global Artificial Intelligence Fund SGD-Hedged,LU2357305700,Equity,Technology,Global,CPF OA,Accumulating,6,0.89,48.1,25.2,
Allianz Global Artificial Intelligence Fund SGD-Hedged,LU1720051017,Equity,Technology,Global,"SGD Cash, SRS",Accumulating,6,1.23,47.5,24.7,
Fidelity Global Technology Fund,LU1560650563,Equity,Technology,Global,USD Cash,Accumulating,6,1.04,41.2,26.0,
Fidelity Global Technology Fund,LU1823568750,Equity,Technology,Global,"SGD Cash, SRS",Accumulating,6,1.14,36.6,23.1,
Franklin Shariah Technology Fund,LU2432581036,Equity,Technology,Global,USD Cash,Accumulating,6,0.9,60.9,33.1,
Franklin Shariah Technology Fund,LU2458330169,Equity,Technology,Global,"SGD Cash, SRS",Accumulating,6,0.86,55.5,29.8,
(Natixis) Mirova Thematic AI & Robotics,LU1923623000,Equity,Technology,Global,USD Cash,Accumulating,6,1.13,32.9,16.2,
(Natixis) Thematics AI and Robotics Fund,LU1951200564,Equity,Technology,Global,"SGD Cash, SRS",Accumulating,6,1.18,29.6,14.4,
Janus Henderson Horizon Biotechnology Fund,LU1897414303,Equity,Healthcare/Biotech,Global,USD Cash,Accumulating,6,2.11,57.7,23.4,
Janus Henderson Horizon Biotechnology Fund,LU1988887292,Equity,Healthcare/Biotech,Global,"SGD Cash, SRS",Accumulating,6,2.23,53.9,21.4,
Janus Henderson Global Life Sciences Fund,IE0002141913,Equity,Healthcare,Global,USD Cash,Accumulating,6,1.57,20.3,8.8,
Janus Henderson Global Life Sciences Fund SGD-Hedged,IE00BJJMRZ35,Equity,Healthcare,Global,SGD Cash,Accumulating,6,1.57,16.9,6.4,
AB International Health Care Portfolio Fund,LU0097089360,Equity,Healthcare,Global,USD Cash,Accumulating,6,1.14,3.4,3.1,
AB International Health Care Portfolio Fund,LU0289739699,Equity,Healthcare,Global,SGD Cash,Accumulating,6,1.06,-0.1,0.7,
Capital Group New Economy Fund,LU2032731189,Equity,Growth,Global,USD Cash,Accumulating,5,0.9,49.1,26.6,
Capital Group New Economy Fund,LU2050928626,Equity,Growth,Global,"SGD Cash, SRS",Accumulating,5,0.9,45.3,24.6,
Capital Group New Economy Fund,LU2050929780,Equity,Growth,Global,CPF OA,Accumulating,5,0.9,44.2,23.7,
Capital Group New Economy Fund AUD-Hedged,LU2230629201,Equity,Growth,Global,AUD Cash,Accumulating,5,0.9,44.8,23.4,
Amundi Prime USA Fund,LU2420245594,Equity,Index,US,USD Cash,Accumulating,5,0.05,30.5,21.6,
Amundi Prime USA Fund,LU2420246055,Equity,Index,US,"SGD Cash, CPF OA, SRS",Accumulating,5,0.05,27.3,19.8,
PIMCO GIS StocksPLUS Fund,IE0002459539,Equity,Large Cap,US,USD Cash,Accumulating,5,0.55,31.6,21.5,
iShares US Index Fund (IE) S&P 500,IE00BD0NCT25,Equity,Index,US,USD Cash,Accumulating,5,0.08,30.6,20.9,
iShares US Index Fund (IE) S&P 500,IE0000F26BG9,Equity,Index,US,"SGD Cash, SRS",Accumulating,5,0.08,27.3,19.0,
LionGlobal Infinity U.S. 500 Stock Index Fund,SG9999003297,Equity,Index,US,USD Cash,Accumulating,5,0.29,29.8,20.5,
LionGlobal Infinity U.S. 500 Stock Index Fund,SG9999003289,Equity,Index,US,"SGD Cash, SRS",Accumulating,5,0.29,26.6,18.6,
Allspring US All Cap Growth Fund,LU0353189763,Equity,Growth,US,USD Cash,Accumulating,5,0.95,28.7,20.7,
Allspring US All Cap Growth Fund SGD-Hedged,LU2087625088,Equity,Growth,US,SGD Cash,Accumulating,5,1.03,23.8,16.9,
AB American Growth Portfolio Fund,LU0079475348,Equity,Growth,US,USD Cash,Accumulating,5,0.94,22.9,19.3,
AB American Growth Portfolio Fund,LU0289923608,Equity,Growth,US,SGD Cash,Accumulating,5,0.98,18.8,16.5,
AB American Growth Portfolio Fund SGD-Hedged,LU1979441026,Equity,Growth,US,SGD Cash,Accumulating,5,0.99,18.2,15.7,
Goldman Sachs North America Enhanced Index Sustainable Equity Fund,LU2037301442,Equity,ESG/Index,US,USD Cash,Accumulating,5,0.38,27.8,19.5,
Goldman Sachs North America Enhanced Index Sustainable Equity Fund,LU2715298308,Equity,ESG/Index,US,"SGD Cash, SRS",Accumulating,5,0.38,24.7,,
Dimensional US Core Equity Fund,IE00BYTYVB81,Equity,Index/Factor,US,USD Cash,Accumulating,5,0.23,30.9,18.7,
Dimensional US Core Equity Fund,IE00BLFJBY96,Equity,Index/Factor,US,"SGD Cash, SRS",Accumulating,5,0.23,27.5,16.8,
PineBridge US Large Cap Research Enhanced Fund,IE00BWXC8680,Equity,Large Cap,US,"SGD Cash, CPF OA, SRS",Accumulating,5,0.76,21.9,17.4,
Franklin U.S. Opportunities Fund,LU1267930730,Equity,Growth,US,CPF OA,Accumulating,5,1.0,16.6,17.3,
Franklin U.S. Opportunities Fund,LU0320765059,Equity,Growth,US,"SGD Cash, SRS",Accumulating,5,1.05,16.5,17.1,
(Natixis) Harris Associates U.S. Value Equity Fund,LU0130102774,Equity,Value,US,USD Cash,Accumulating,5,1.1,15.3,14.4,
(Natixis) Harris Associates U.S. Value Equity Fund SGD-Hedged,LU1201861249,Equity,Value,US,CPF OA,Accumulating,5,1.05,12.2,12.0,
(Natixis) Harris Associates U.S. Value Equity Fund SGD-Hedged,LU0980610538,Equity,Value,US,"SGD Cash, SRS",Accumulating,5,1.1,12.0,11.8,
UBS US Total Yield Fund,LU0868494617,Equity,Dividend,US,USD Cash,Accumulating,5,0.96,25.7,14.8,
UBS US Total Yield Fund SGD-Hedged (Dist.),LU1257167418,Equity,Dividend,US,"SGD Cash, SRS",Distributing,5,0.99,22.2,12.3,4.2
T. Rowe Price Funds SICAV - US Smaller Companies Equity Fund,LU0133096635,Equity,Small Cap,US,USD Cash,Accumulating,6,0.81,25.9,11.3,
T. Rowe Price Funds SICAV - US Smaller Companies Equity Fund,LU2867336898,Equity,Small Cap,US,"SGD Cash, SRS",Accumulating,5,0.82,22.9,,
(Natixis) Ossiam Shiller Barclays CAPE US Sector Value Fund,LU2743106184,Equity,Value,US,USD Cash,Accumulating,5,0.85,9.5,,
(Natixis) Ossiam Shiller Barclays CAPE US Sector Value Fund,LU2743150752,Equity,Value,US,SGD Cash,Accumulating,5,0.85,6.9,,
Infinity U.S. 500 Stock Index Fund,SGXZ39775085,Equity,Index,US,CPF OA,Accumulating,5,0.33,,,
Allspring Global Equity Enhanced Income Fund (Dist.),LU2125154935,Equity,Dividend,Global,USD Cash,Distributing,5,0.7,35.5,22.4,5.4
Allspring Global Equity Enhanced Income Fund SGD-Hedged (Dist.),LU2360032135,Equity,Dividend,Global,"SGD Cash, SRS",Distributing,5,0.8,30.8,18.9,5.5
Allspring Global Equity Enhanced Income Fund,LU3076206690,Equity,Dividend,Global,USD Cash,Accumulating,5,0.8,,,
T. Rowe Price Funds SICAV - Global Value Equity Fund,LU0859254822,Equity,Value,Global,USD Cash,Accumulating,5,0.86,42.0,20.6,
T. Rowe Price Funds SICAV - Global Value Equity Fund SGD-Hedged,LU2357627491,Equity,Value,Global,"SGD Cash, SRS",Accumulating,5,0.89,39.2,18.5,
GMO Quality Investment Fund,IE00B3SBSR82,Equity,Quality,Global,USD Cash,Accumulating,5,0.53,22.9,18.3,
GMO Quality Investment Fund,IE00BN15TB84,Equity,Quality,Global,SGD Cash,Accumulating,5,0.53,19.9,16.4,
Neuberger Berman Global Equity Megatrends Fund,IE00BFMHRM44,Equity,Megatrend,Global,USD Cash,Accumulating,6,1.04,22.7,18.1,
Neuberger Berman Global Equity Megatrends Fund SGD-Hedged,IE000HM1TOC0,Equity,Megatrend,Global,"SGD Cash, SRS",Accumulating,6,0.96,19.5,,
Dimensional World Equity Fund,IE00B3V7VL84,Equity,Index/Factor,Global,USD Cash,Accumulating,5,0.35,32.8,17.8,
Dimensional World Equity Fund,IE00BF20L762,Equity,Index/Factor,Global,"SGD Cash, SRS",Accumulating,5,0.35,29.4,15.9,
Dimensional World Equity Fund,IE00B4MJ5D07,Equity,Index/Factor,Global,EUR Cash,Accumulating,5,0.35,28.1,15.3,
Dimensional World Equity Fund,IE00B3Z8MM50,Equity,Index/Factor,Global,GBP Cash,Accumulating,5,0.35,30.0,14.7,
Goldman Sachs Global Enhanced Index Sustainable Equity Fund,LU2037301012,Equity,ESG/Index,Global,USD Cash,Accumulating,5,0.38,26.7,18.1,
Goldman Sachs Global Enhanced Index Sustainable Equity Fund,LU2391393886,Equity,ESG/Index,Global,"SGD Cash, SRS",Accumulating,5,0.38,23.5,16.4,
Capital Group New Perspective Fund,LU1295555210,Equity,Growth,Global,USD Cash,Accumulating,5,0.84,23.0,16.8,
Capital Group New Perspective Fund,LU1295555137,Equity,Growth,Global,"SGD Cash, SRS",Accumulating,5,0.84,19.8,15.0,
Capital Group New Perspective Fund,LU1295551490,Equity,Growth,Global,CPF OA,Accumulating,5,0.84,19.0,14.2,
Capital Group New Perspective Fund AUD-Hedged,LU1865209396,Equity,Growth,Global,AUD Cash,Accumulating,5,0.84,19.5,14.1,
Capital Group New Perspective Fund,LU1295554759,Equity,Growth,Global,CHF Cash,Accumulating,5,0.84,16.4,11.7,
Fidelity Global Dividend Fund,LU0605515963,Equity,Dividend,Global,USD Cash,Accumulating,5,1.04,17.1,15.9,
Fidelity Global Dividend Fund (Dist.),LU1509826696,Equity,Dividend,Global,USD Cash,Distributing,5,1.14,16.1,14.9,4.7
Fidelity Global Dividend Fund (Dist.),LU0731783394,Equity,Dividend,Global,"SGD Cash, SRS",Distributing,5,1.14,13.3,13.2,2.2
Fidelity Global Dividend Fund AUD-Hedged (Dist.),LU0982800491,Equity,Dividend,Global,AUD Cash,Distributing,5,1.14,15.5,14.0,2.2
Fidelity Global Dividend Fund,LU1380763851,Equity,Dividend,Global,CPF OA,Accumulating,5,1.04,13.6,13.4,
Dimensional Global Targeted Value Fund,IE00B2PC0609,Equity,Value/Small,Global,USD Cash,Accumulating,6,0.44,31.9,16.0,
Dimensional Global Targeted Value Fund,IE00BF20L986,Equity,Value/Small,Global,"SGD Cash, SRS",Accumulating,6,0.44,28.5,14.2,
abrdn SICAV I - Global Dynamic Dividend Fund (Dist.),LU2237443382,Equity,Dividend,Global,USD Cash,Distributing,5,0.92,25.7,12.8,5.2
abrdn SICAV I - Global Dynamic Dividend Fund SGD-Hedged,LU2237443978,Equity,Dividend,Global,"SGD Cash, SRS",Accumulating,5,0.92,22.1,10.3,
abrdn SICAV I - Global Dynamic Dividend Fund SGD-Hedged (Dist.),LU2237443549,Equity,Dividend,Global,"SGD Cash, SRS",Distributing,5,0.92,22.1,10.3,5.7
Goldman Sachs Global Future Generations Equity Portfolio Fund,LU2250369779,Equity,Megatrend,Global,SGD Cash,Accumulating,6,0.76,19.2,12.7,
Nordea 1 – Global Sustainable Stars Equity Fund,LU0985320562,Equity,ESG,Global,USD Cash,Accumulating,5,1.04,22.0,12.5,
Nordea 1 – Global Sustainable Stars Equity Fund,LU2800639671,Equity,ESG,Global,"SGD Cash, SRS",Accumulating,5,1.05,18.6,,
Schroder ISF Global Sustainable Growth Fund,LU2289884723,Equity,ESG/Growth,Global,"SGD Cash, SRS",Accumulating,5,0.83,19.7,11.9,
Schroder ISF Global Sustainable Growth Fund,LU2158556196,Equity,ESG/Growth,Global,CPF OA,Accumulating,5,0.83,18.9,11.2,
Schroder ISF Global Sustainable Growth Fund,LU2399671085,Equity,ESG/Growth,Global,SRS,Accumulating,5,1.25,18.8,11.1,
(Natixis) Mirova Thematic Safety Fund,LU1923622291,Equity,Thematic,Global,USD Cash,Accumulating,6,1.13,8.0,11.2,
(Natixis) Thematics Safety Fund,LU2125909916,Equity,Thematic,Global,"SGD Cash, SRS",Accumulating,6,1.13,5.3,9.5,
Amova Global Equity Fund,LU2237957902,Equity,Quality,Global,USD Cash,Accumulating,5,0.81,5.6,11.4,
Amova Global Equity Fund,LU2237957811,Equity,Quality,Global,"SGD Cash, CPF OA, SRS",Accumulating,5,0.81,3.0,,
(Natixis) ESG Mirova Global Sustainable Equity USD-Hedged,LU1712236956,Equity,ESG,Global,USD Cash,Accumulating,5,0.95,12.7,11.0,
(Natixis) ESG Mirova Global Sustainable Equity Fund SGD-Hedged,LU1712237335,Equity,ESG,Global,"SGD Cash, SRS",Accumulating,5,0.95,9.7,8.5,
Templeton Shariah Global Equity Fund,LU1267930813,Equity,Shariah,Global,CPF OA,Accumulating,5,1.05,28.7,10.8,
Templeton Shariah Global Equity Fund,LU0889566641,Equity,Shariah,Global,"SGD Cash, SRS",Accumulating,5,1.15,28.5,10.6,
HSBC Islamic Global Equity Index Fund,LU2602419157,Equity,Shariah/Index,Global,SGD Cash,Accumulating,5,0.62,34.5,,
BlackRock BGF Sustainable Energy Fund,LU0252969661,Equity,Clean Energy,Global,USD Cash,Accumulating,6,1.22,70.3,14.9,
BlackRock BGF Sustainable Energy Fund SGD-Hedged,LU2419774711,Equity,Clean Energy,Global,"SGD Cash, SRS",Accumulating,6,1.2,65.3,12.0,
Schroder ISF Global Climate Change Fund,LU0312595415,Equity,Climate,Global,"SGD Cash, SRS",Accumulating,6,1.38,37.1,12.0,
Allianz Smart Energy Fund,LU2048586593,Equity,Clean Energy,Global,USD Cash,Accumulating,6,1.18,58.2,10.4,
Allianz Smart Energy Fund SGD-Hedged,LU2393953505,Equity,Clean Energy,Global,"SGD Cash, SRS",Accumulating,6,1.15,52.7,6.9,
Allianz Thematica Fund,LU1917777945,Equity,Thematic,Global,USD Cash,Accumulating,6,1.15,21.6,9.0,
Allianz Thematica Fund SGD-Hedged,LU2023250843,Equity,Thematic,Global,"SGD Cash, SRS",Accumulating,6,1.15,18.3,6.5,
AB Sustainable Global Thematic Portfolio Fund,LU0069063542,Equity,ESG/Thematic,Global,USD Cash,Accumulating,5,1.07,12.4,8.1,
AB Sustainable Global Thematic Portfolio Fund,LU0289739343,Equity,ESG/Thematic,Global,SGD Cash,Accumulating,5,1.04,8.7,5.5,
BlackRock BGF Future of Transport Fund,LU1861214903,Equity,Thematic,Global,USD Cash,Accumulating,6,1.0,44.4,7.9,
BlackRock BGF Future of Transport Fund SGD-Hedged,LU1861219969,Equity,Thematic,Global,"SGD Cash, SRS",Accumulating,6,1.3,38.9,4.4,
Ninety One Global Environment Fund,LU1939255615,Equity,ESG/Environment,Global,USD Cash,Accumulating,6,0.99,29.9,7.9,
Ninety One Global Environment Fund SGD-Hedged,LU2257466305,Equity,ESG/Environment,Global,SGD Cash,Accumulating,6,1.19,25.0,4.2,
Nordea 1 – Global Impact Fund,LU2355687059,Equity,Impact,Global,USD Cash,Accumulating,6,1.18,12.3,6.7,
Nordea 1 – Global Impact Fund SGD-Hedged,LU2840086693,Equity,Impact,Global,SGD Cash,Accumulating,5,1.53,9.1,,
(Natixis) Harris Associates Global Equity Fund,LU0130103400,Equity,Value,Global,USD Cash,Accumulating,5,1.23,14.0,7.6,
(Natixis) Harris Associates Global Equity Fund,LU1201861165,Equity,Value,Global,CPF OA,Accumulating,6,1.0,11.6,6.4,
(Natixis) Harris Associates Global Equity Fund,LU0648000940,Equity,Value,Global,"SGD Cash, SRS",Accumulating,6,1.2,11.2,6.0,
(Natixis) Mirova Thematic Meta Fund,LU1923622614,Equity,Thematic,Global,USD Cash,Accumulating,6,1.13,6.2,7.5,
(Natixis) Thematics Meta Fund,LU2125909593,Equity,Thematic,Global,"SGD Cash, SRS",Accumulating,6,1.13,3.5,5.9,
(Natixis) Mirova Thematic Subscription Economy Fund,LU2095319765,Equity,Thematic,Global,USD Cash,Accumulating,6,1.13,-14.0,3.1,
(Natixis) Thematics Subscription Economy Fund,LU2210150020,Equity,Thematic,Global,"SGD Cash, SRS",Accumulating,6,1.13,-16.1,1.5,
UOBAM United Global Durable Equities Fund,SG9999014005,Equity,Quality,Global,"SGD Cash, SRS",Accumulating,6,1.06,-0.7,5.7,
UOBAM United Global Quality Growth Fund,SG9999017495,Equity,Growth,Global,"SGD Cash, SRS",Accumulating,5,1.18,1.1,4.0,
UOBAM United Global Quality Growth Fund SGD-Hedged,SGXZ31699556,Equity,Growth,Global,CPF OA,Accumulating,5,1.11,0.8,3.4,
GMO Climate Change Transition Investment Fund,IE00BDT8RF97,Equity,Climate,Global,USD Cash,Accumulating,6,0.83,88.0,4.1,
GMO Climate Change Transition Investment Fund,IE000N5QCMO9,Equity,Climate,Global,SGD Cash,Accumulating,6,0.83,83.3,2.4,
BlackRock BGF Global Unconstrained Equity Fund,LU2720917066,Equity,Concentrated,Global,USD Cash,Accumulating,6,1.06,32.8,,
BlackRock BGF Global Unconstrained Equity Fund SGD-Hedged,LU2764263039,Equity,Concentrated,Global,"SGD Cash, SRS",Accumulating,6,1.29,27.9,,
Fidelity Funds 2 - Global Discovery Fund,LU2755903551,Equity,Discovery,Global,USD Cash,Accumulating,6,1.09,23.7,,
Fidelity Funds 2 - Global Discovery Fund SGD-Hedged,LU2755903635,Equity,Discovery,Global,SGD Cash,Accumulating,6,1.19,19.2,,
Amundi Index MSCI World Fund,LU2420245321,Equity,Index,Developed Markets,USD Cash,Accumulating,5,0.1,29.1,19.7,
Amundi Index MSCI World Fund,LU2420245917,Equity,Index,Developed Markets,"SGD Cash, CPF OA, SRS",Accumulating,5,0.1,26.0,17.9,
iShares Developed World Index Fund (IE),IE00BD0NCN62,Equity,Index,Developed Markets,USD Cash,Accumulating,5,0.12,29.1,19.7,
iShares Developed World Index Fund (IE),IE000NNYZMJ7,Equity,Index,Developed Markets,"SGD Cash, SRS",Accumulating,5,0.12,25.9,17.8,
iShares Developed World Index Fund (IE) SGD-Hedged,IE000XUK0R09,Equity,Index,Developed Markets,"SGD Cash, SRS",Accumulating,5,0.14,25.7,17.4,
Dimensional Global Core Equity Fund,IE00B2PC0153,Equity,Index/Factor,Developed Markets,USD Cash,Accumulating,5,0.26,30.3,18.0,
Dimensional Global Core Equity Fund,IE00BF20L879,Equity,Index/Factor,Developed Markets,"SGD Cash, SRS",Accumulating,5,0.26,27.0,16.2,
Dimensional Global Core Equity Fund,IE00B2PC0260,Equity,Index/Factor,Developed Markets,EUR Cash,Accumulating,5,0.26,25.8,15.6,
Dimensional Global Core Equity Fund,IE00B2PC0484,Equity,Index/Factor,Developed Markets,GBP Cash,Accumulating,5,0.26,27.6,14.9,
Dimensional Global Core Equity III Fund,IE000NWYHL53,Equity,Index/Factor,Global,"SGD Cash, CPF OA",Accumulating,5,0.33,26.9,,
Dimensional Global Core Equity Lower Carbon ESG Screened,IE00B8DMPF88,Equity,ESG/Index,Developed Markets,USD Cash,Accumulating,5,0.27,26.3,17.7,
Dimensional Global Core Equity Lower Carbon ESG Screened,IE00BLFJC025,Equity,ESG/Index,Developed Markets,"SGD Cash, SRS",Accumulating,5,0.27,23.1,15.9,
LionGlobal Infinity Global Stock Index Fund,SGXZ68939370,Equity,Index,Developed Markets,CPF OA,Accumulating,5,0.36,25.7,17.5,
LionGlobal Infinity Global Stock Index Fund,SG9999003321,Equity,Index,Developed Markets,"SGD Cash, CPF OA, SRS",Accumulating,5,0.26,25.3,17.1,
AB Low Volatility Equity Portfolio Fund AUD-Hedged,LU0965508988,Equity,Low Vol,Developed Markets,AUD Cash,Accumulating,5,0.93,10.8,11.5,
AB Low Volatility Equity Portfolio Fund SGD-Hedged,LU1037949515,Equity,Low Vol,Developed Markets,SGD Cash,Accumulating,5,0.88,9.2,11.3,
AB Low Volatility Equity Portfolio Fund SGD-Hedged (Dist.),LU0965509283,Equity,Low Vol,Developed Markets,SGD Cash,Distributing,5,0.93,8.3,10.4,3.0
Dimensional Emerging Markets Large Cap Core Equity Fund,IE00BYVJQT42,Equity,Index/Factor,Emerging Markets,USD Cash,Accumulating,6,0.37,49.7,20.7,
Dimensional Emerging Markets Large Cap Core Equity Fund,IE00BF20LB02,Equity,Index/Factor,Emerging Markets,"SGD Cash, SRS",Accumulating,6,0.36,45.9,18.9,
Dimensional Emerging Markets Large Cap Core Equity Fund,IE00BWGCG836,Equity,Index/Factor,Emerging Markets,EUR Cash,Accumulating,6,0.36,44.5,18.2,
Dimensional Emerging Markets Large Cap Core Equity III Fund,IE000H91D406,Equity,Index/Factor,Emerging Markets,"SGD Cash, CPF OA",Accumulating,6,0.41,44.2,,
Dimensional Emerging Markets Core Equity Lower Carbon ESG Screened,IE00BLCGQY87,Equity,ESG/Index,Emerging Markets,"SGD Cash, SRS",Accumulating,6,0.51,36.9,16.5,
Dimensional Emerging Markets Sustainability Core Equities Fund,IE00BLCGQW63,Equity,ESG/Index,Emerging Markets,GBP Cash,Accumulating,6,0.51,37.5,15.2,
Goldman Sachs Emerging Markets Equity Portfolio Fund,LU0234572377,Equity,Active,Emerging Markets,USD Cash,Accumulating,6,0.89,54.2,20.6,
Goldman Sachs Emerging Markets Equity Portfolio Fund,LU2464814404,Equity,Active,Emerging Markets,SGD Cash,Accumulating,6,0.9,50.4,18.8,
Goldman Sachs Emerging Markets Enhanced Index Sustainable Equity Fund,LU0051128774,Equity,ESG/Enhanced,Emerging Markets,USD Cash,Accumulating,6,0.43,47.4,20.1,
Goldman Sachs Emerging Markets Enhanced Index Sustainable Equity Fund,LU0577850554,Equity,ESG/Enhanced,Emerging Markets,"SGD Cash, SRS",Accumulating,6,0.43,43.8,18.3,
Amundi Core MSCI Emerging Markets,LU2420245750,Equity,Index,Emerging Markets,USD Cash,Accumulating,6,0.2,46.7,20.5,
Amundi Core MSCI Emerging Markets Fund,LU2420246139,Equity,Index,Emerging Markets,"SGD Cash, CPF OA, SRS",Accumulating,6,0.2,43.1,18.7,
Schroder Global Emerging Markets Opportunities Fund,SG9999006852,Equity,Active,Emerging Markets,"SGD Cash, CPF OA, SRS",Accumulating,6,1.21,57.6,20.0,
JPM Emerging Markets Dividend Fund (Dist.),LU0862451837,Equity,Dividend,Emerging Markets,USD Cash,Distributing,6,1.05,43.1,18.6,3.6
JPM Emerging Markets Dividend Fund (Dist.),LU0862451753,Equity,Dividend,Emerging Markets,"SGD Cash, SRS",Distributing,6,1.05,39.6,16.8,3.6
abrdn SICAV I - Emerging Markets SDG Equity Fund,LU2153592121,Equity,ESG,Emerging Markets,USD Cash,Accumulating,6,0.62,52.5,18.1,
abrdn SICAV I - Emerging Markets SDG Equity Fund SGD-Hedged,LU2348774022,Equity,ESG,Emerging Markets,"SGD Cash, SRS",Accumulating,6,0.62,48.0,15.3,
Fidelity Sustainable Emerging Markets Equity Fund,LU1102506141,Equity,ESG,Emerging Markets,USD Cash,Accumulating,6,1.07,34.1,11.8,
Stewart Investors Global Emerging Markets All Cap Fund,IE000AQHA357,Equity,All Cap,Emerging Markets,USD Cash,Accumulating,6,1.0,6.3,3.7,
Stewart Investors Global Emerging Markets All Cap Fund,IE000P5M9KF7,Equity,All Cap,Emerging Markets,"SGD Cash, SRS",Accumulating,6,1.0,4.0,,
Federated Hermes Asia ex-Japan Equity Fund,IE00B8H6X308,Equity,Active,Asia ex-Japan,USD Cash,Accumulating,6,0.83,45.1,21.0,
Federated Hermes Asia ex-Japan Equity Fund SGD-Hedged,IE000008O170,Equity,Active,Asia ex-Japan,SGD Cash,Accumulating,6,0.87,41.0,,
HSBC GIF Asia Pacific ex Japan Equity High Dividend Fund (Dist.),LU0197773673,Equity,Dividend,Asia ex-Japan,USD Cash,Distributing,6,1.1,44.9,19.0,0.9
HSBC GIF Asia Pacific ex Japan Equity High Dividend Fund (Dist.),LU0630378429,Equity,Dividend,Asia ex-Japan,"SGD Cash, SRS",Distributing,6,1.1,37.1,13.1,2.7
Schroder ISF Asian Opportunities Fund,LU2264145090,Equity,Active,Asia,"SGD Cash, SRS",Accumulating,6,1.04,54.4,17.2,
Dimensional Pacific Basin Small Companies Fund,IE0034140404,Equity,Small Cap,Asia Pacific,USD Cash,Accumulating,6,0.54,37.3,16.6,
Dimensional Pacific Basin Small Companies Fund,IE00BG85LH23,Equity,Small Cap,Asia Pacific,"SGD Cash, SRS",Accumulating,6,0.54,33.8,14.8,
Dimensional Pacific Basin Small Companies Fund,IE0034140511,Equity,Small Cap,Asia Pacific,EUR Cash,Accumulating,6,0.54,32.5,14.2,
Dimensional Pacific Basin Small Companies Fund,IE00B0701D24,Equity,Small Cap,Asia Pacific,GBP Cash,Accumulating,6,0.54,34.5,13.6,
Fidelity Asia Pacific Dividend Fund (Dist.),LU0877626530,Equity,Dividend,Asia Pacific,USD Cash,Distributing,6,1.19,40.0,15.7,3.1
Fidelity Asia Pacific Dividend Fund SGD-Hedged (Dist.),LU2578576113,Equity,Dividend,Asia Pacific,"SGD Cash, SRS",Distributing,6,1.19,36.1,13.2,3.3
Schroder Asian Growth Fund (Dist.),SG9999000327,Equity,Growth,Asia,CPF OA,Distributing,6,0.77,47.3,14.2,3.5
PineBridge Asia ex Japan Small Cap Equity Fund,IE00BYQNZ168,Equity,Small Cap,Asia ex-Japan,"SGD Cash, CPF OA, SRS",Accumulating,6,0.85,52.1,13.5,
Stewart Investors Asia Pacific All Cap Fund,IE000BK27P89,Equity,All Cap,Asia Pacific,USD Cash,Accumulating,6,1.0,20.6,8.3,
Stewart Investors Asia Pacific All Cap Fund,IE000UZ79C24,Equity,All Cap,Asia Pacific,"SGD Cash, SRS",Accumulating,6,1.0,18.0,,
FSSA Dividend Advantage Fund (Dist.),SG9999002083,Equity,Dividend,Asia,"SGD Cash, CPF OA, SRS",Distributing,6,1.14,21.0,6.8,3.7
JPM ASEAN Equity Fund,LU0441851309,Equity,Regional,ASEAN,USD Cash,Accumulating,6,1.04,13.6,7.1,
JPM ASEAN Equity Fund (Dist.),LU1839390173,Equity,Regional,ASEAN,USD Cash,Distributing,6,1.05,13.6,7.1,1.8
JPM ASEAN Equity Fund,LU2471279419,Equity,Regional,ASEAN,"SGD Cash, CPF OA",Accumulating,6,1.0,10.8,5.4,
JPM ASEAN Equity Fund,LU0532188223,Equity,Regional,ASEAN,"SGD Cash, SRS",Accumulating,6,1.05,10.8,5.4,
T. Rowe Price Funds SICAV - China Evolution Equity Fund,LU2187417386,Equity,Active,China,USD Cash,Accumulating,6,0.94,63.6,16.7,
T. Rowe Price Funds SICAV - China Evolution Equity Fund SGD-Hedged,LU2351347302,Equity,Active,China,"SGD Cash, SRS",Accumulating,6,0.94,59.1,14.0,
Schroder ISF Greater China Fund,LU2289885027,Equity,Greater China,China,"SGD Cash, SRS",Accumulating,6,1.29,44.1,11.8,
Schroder ISF Greater China Fund,LU1317429246,Equity,Greater China,China,CPF OA,Accumulating,6,0.94,43.5,11.4,
Allianz All China Equity Fund,LU1835929800,Equity,All China,China,USD Cash,Accumulating,6,1.33,39.1,11.4,
Allianz All China Equity Fund SGD-Hedged,LU1794554557,Equity,All China,China,"SGD Cash, SRS",Accumulating,6,1.44,33.8,7.7,
BlackRock BGF Systematic China A-Share Opportunities Fund,LU1580142625,Equity,A-Shares,China,USD Cash,Accumulating,6,1.07,39.6,9.9,
BlackRock BGF Systematic China A-Share Opportunities Fund SGD-Hedged,LU1781817850,Equity,A-Shares,China,"SGD Cash, SRS",Accumulating,6,1.3,34.5,6.4,
JPM China A-Share Opportunities Fund,LU1255011170,Equity,A-Shares,China,USD Cash,Accumulating,6,0.96,51.3,6.6,
JPM China A-Share Opportunities Fund,LU1655091616,Equity,A-Shares,China,"SGD Cash, SRS",Accumulating,6,1.0,47.6,4.9,
Fidelity China Focus Fund,LU0346390866,Equity,Active,China,USD Cash,Accumulating,6,1.06,17.8,6.4,
Fidelity China Focus Fund,LU1235261390,Equity,Active,China,"SGD Cash, CPF OA",Accumulating,6,1.06,14.2,4.1,
FSSA Regional China Fund,SG9999000194,Equity,Greater China,China,"SGD Cash, CPF OA, SRS",Accumulating,6,0.93,26.4,6.3,
UBS China A Opportunity Fund,LU0971614614,Equity,A-Shares,China,USD Cash,Accumulating,6,1.29,16.6,2.7,
UBS China A Opportunity Fund,LU2671673387,Equity,A-Shares,China,"SGD Cash, SRS",Accumulating,6,1.31,14.2,,
Goldman Sachs Japan Equity Partners Portfolio Fund USD-Hedged,LU2405385126,Equity,Active,Japan,USD Cash,Accumulating,6,0.73,31.0,23.5,
Goldman Sachs Japan Equity Partners Portfolio Fund SGD-Hedged,LU2464814230,Equity,Active,Japan,SGD Cash,Accumulating,5,0.74,27.6,21.2,
UOBAM United Japan Small and Mid Cap Fund,SG9999010847,Equity,Small/Mid Cap,Japan,USD Cash,Accumulating,5,1.28,24.1,12.3,
UOBAM United Japan Small and Mid Cap Fund SGD-Hedged,SG9999012033,Equity,Small/Mid Cap,Japan,"SGD Cash, SRS",Accumulating,5,1.31,37.1,20.4,
LionGlobal Japan Growth Fund,SG9999002331,Equity,Growth,Japan,"SGD Cash, CPF OA, SRS",Accumulating,5,0.83,25.5,15.4,
Ashoka WhiteOak India Opportunities Fund,IE00BDR0R792,Equity,Active,India,USD Cash,Accumulating,6,1.05,-8.7,9.1,
Ashoka WhiteOak India Opportunities Fund,IE0007ER59W1,Equity,Active,India,SGD Cash,Accumulating,6,1.05,-10.9,,
Goldman Sachs India Equity Portfolio Fund,LU0333810181,Equity,Active,India,USD Cash,Accumulating,6,0.88,-9.4,8.7,
Goldman Sachs India Equity Portfolio Fund,LU2032729951,Equity,Active,India,SGD Cash,Accumulating,6,0.88,-11.6,7.0,
PineBridge India Equity Fund,IE00B7N09G41,Equity,Active,India,"SGD Cash, CPF OA, SRS",Accumulating,6,0.85,-9.4,4.5,
UTI India Dynamic Equity Fund,IE00BYPC7R45,Equity,Active,India,USD Cash,Accumulating,6,1.02,-16.4,2.8,
UTI India Dynamic Equity Fund,IE000ZP310H0,Equity,Active,India,SGD Cash,Accumulating,6,1.07,-19.1,0.3,
BlackRock BGF European Equity Income Fund USD-Hedged,LU1185942585,Equity,Dividend,Europe,USD Cash,Accumulating,5,1.08,15.2,12.7,
BlackRock BGF European Equity Income Fund USD-Hedged (Dist.),LU1200839964,Equity,Dividend,Europe,USD Cash,Distributing,5,1.07,15.2,12.7,3.4
BlackRock BGF European Equity Income Fund SGD-Hedged (Dist.),LU2357541858,Equity,Dividend,Europe,"SGD Cash, SRS",Distributing,5,1.07,11.9,10.1,3.5
LionGlobal Infinity European Stock Index Fund,SG9999003305,Equity,Index,Europe,"SGD Cash, SRS",Accumulating,5,0.66,18.5,11.9,
Jupiter European Select Fund,LU2259627821,Equity,Active,Europe,USD Cash,Accumulating,5,0.97,24.7,10.0,
Jupiter European Select Fund,LU2572953623,Equity,Active,Europe,SGD Cash,Accumulating,5,0.95,22.7,9.1,
Jupiter European Select Fund,LU0946223103,Equity,Active,Europe,EUR Cash,Accumulating,5,0.95,21.9,8.5,
Allianz Europe Equity Growth Fund USD-Hedged,LU0857590862,Equity,Growth,Europe,USD Cash,Accumulating,5,1.1,-2.0,1.0,
Allianz Europe Equity Growth Fund SGD-Hedged,LU0827474353,Equity,Growth,Europe,"SGD Cash, SRS",Accumulating,5,1.1,-4.5,-1.2,
abrdn European Sustainable Equity Fund,SG9999000392,Equity,ESG,Europe,"SGD Cash, CPF OA, SRS",Accumulating,5,1.0,-5.7,0.1,
Fullerton Singapore Value-Up,SGXZ16066938,Equity,Value,Singapore,"SGD Cash, SRS",Accumulating,6,0.84,,,
Amundi Singapore Straits Times (STI) Fund,LU3043533333,Equity,Index,Singapore,"SGD Cash, SRS",Accumulating,5,0.15,,,
Nordea 1 – Global Real Estate Fund,LU0705260189,Equity,Real Estate,Global,USD Cash,Accumulating,6,1.24,15.6,8.3,
Nordea 1 – Global Real Estate Fund SGD-Hedged,LU2887856784,Equity,Real Estate,Global,SGD Cash,Accumulating,6,1.33,12.4,,
Nordea 1 – Global Real Estate Fund SGD-Hedged (Dist.),LU2887856602,Equity,Real Estate,Global,SGD Cash,Distributing,6,1.22,12.4,,3.3
BlackRock BSF Global Real Assets Securities Fund,LU1669036458,Equity,Real Estate,Global,USD Cash,Accumulating,6,0.93,15.2,7.5,
BlackRock BSF Global Real Assets Securities Fund (Dist.),LU2047633727,Equity,Real Estate,Global,USD Cash,Distributing,6,0.93,15.2,7.5,9.1
BlackRock BSF Global Real Assets Securities Fund SGD-Hedged (Dist.),LU2364470067,Equity,Real Estate,Global,"SGD Cash, SRS",Distributing,6,0.93,11.8,4.9,9.2
Janus Henderson Horizon Global Property Equities Fund,LU0209137388,Equity,Real Estate,Global,USD Cash,Accumulating,6,1.17,17.5,6.4,
Janus Henderson Horizon Global Property Equities Fund (Dist.),LU1316542866,Equity,Real Estate,Global,"SGD Cash, SRS",Distributing,6,1.14,14.7,4.8,2.6
BlackRock BGF World Real Estate Securities SGD-Hedged (Dist.),LU2190626643,Equity,Real Estate,Global,"SGD Cash, SRS",Distributing,6,1.29,12.5,5.2,3.1
M&G (Lux) Global Listed Infrastructure Fund,LU1665236995,Equity,Infrastructure,Global,USD Cash,Accumulating,6,1.18,17.3,7.1,
M&G (Lux) Global Listed Infrastructure Fund (Dist.),LU1665236722,Equity,Infrastructure,Global,USD Cash,Distributing,6,1.18,17.3,7.1,3.0
M&G (Lux) Global Listed Infrastructure Fund SGD-Hedged,LU2404738366,Equity,Infrastructure,Global,SGD Cash,Accumulating,6,1.2,14.0,4.5,
M&G (Lux) Global Listed Infrastructure Fund SGD-Hedged (Dist.),LU2404738283,Equity,Infrastructure,Global,SGD Cash,Distributing,6,1.2,14.0,4.5,3.1
KBI Global Sustainable Infrastructure Fund (Dist.),IE00BN6Q9X81,Equity,Infrastructure,Global,USD Cash,Distributing,6,0.9,19.7,5.4,1.4
KBI Global Sustainable Infrastructure Fund (Dist.),IE00BN6Q9Y98,Equity,Infrastructure,Global,SGD Cash,Distributing,6,0.9,18.5,3.8,2.9
KBI Global Sustainable Infrastructure Fund,IE00BN6Q9V67,Equity,Infrastructure,Global,"SGD Cash, SRS",Accumulating,6,0.92,19.2,,
Fidelity Global Financial Services Fund,LU1711970159,Equity,Financial Services,Global,USD Cash,Accumulating,6,1.05,11.7,18.9,
Fidelity Global Financial Services Fund,LU1363072403,Equity,Financial Services,Global,"SGD Cash, SRS",Accumulating,5,1.15,8.1,16.1,
abrdn SICAV I - Frontier Markets Bond Fund,LU1725895616,Fixed Income,Government Bond,Emerging Markets,USD Cash,Accumulating,5,0.93,25.1,19.2,
abrdn SICAV I - Frontier Markets Bond Fund (Dist.),LU0963865083,Fixed Income,Government Bond,Emerging Markets,USD Cash,Distributing,5,0.93,25.1,19.2,8.2
abrdn SICAV I - Frontier Markets Bond Fund SGD-Hedged,LU2066861621,Fixed Income,Government Bond,Emerging Markets,"SGD Cash, SRS",Accumulating,5,0.93,21.8,16.7,
PIMCO GIS Emerging Markets Bond Fund,IE0030759645,Fixed Income,Investment Grade,Emerging Markets,USD Cash,Accumulating,5,0.79,13.9,11.7,
PIMCO GIS Emerging Markets Bond Fund GBP-Hedged,IE0034235410,Fixed Income,Investment Grade,Emerging Markets,GBP Cash,Accumulating,5,0.79,13.6,11.3,
PIMCO GIS Emerging Markets Bond Fund EUR-Hedged,IE0032568770,Fixed Income,Investment Grade,Emerging Markets,EUR Cash,Accumulating,5,0.79,11.4,9.5,
PIMCO GIS Emerging Markets Bond Fund SGD-Hedged,IE00BG88PX59,Fixed Income,Investment Grade,Emerging Markets,"SGD Cash, SRS",Accumulating,5,0.79,10.9,9.4,
iShares Emerging Markets Government Bond Index Fund (IE),IE00BF2N5T53,Fixed Income,Government Bond,Emerging Markets,USD Cash,Accumulating,4,0.18,12.5,10.0,
iShares Emerging Markets Government Bond Index Fund (IE),IE000239FXR9,Fixed Income,Government Bond,Emerging Markets,"SGD Cash, SRS",Accumulating,3,0.18,9.8,8.4,
M&G Emerging Markets Bond Fund,LU1670632337,Fixed Income,Bond,Emerging Markets,USD Cash,Accumulating,5,0.72,11.7,9.7,
M&G Emerging Markets Bond Fund (Dist.),LU1903670880,Fixed Income,Bond,Emerging Markets,USD Cash,Distributing,5,0.72,11.7,9.7,7.5
M&G Emerging Markets Bond Fund SGD-Hedged (Dist.),LU2402425750,Fixed Income,Bond,Emerging Markets,SGD Cash,Distributing,5,0.75,8.7,7.3,7.6
M&G Emerging Markets Bond Fund SGD-Hedged,LU2402425834,Fixed Income,Bond,Emerging Markets,SGD Cash,Accumulating,5,0.75,8.7,7.3,
Neuberger Berman Short Duration Emerging Market Debt Fund (Dist.),IE00BMN94611,Fixed Income,Short Duration IG,Emerging Markets,USD Cash,Distributing,4,0.58,7.8,8.0,6.5
Neuberger Berman Short Duration Emerging Market Debt Fund,IE00BDZRXR46,Fixed Income,Short Duration IG,Emerging Markets,USD Cash,Accumulating,4,0.58,7.8,8.0,
Neuberger Berman Short Duration Emerging Market Debt Fund AUD-Hedged (Dist.),IE00BMN93860,Fixed Income,Short Duration IG,Emerging Markets,AUD Cash,Distributing,4,0.58,7.3,7.1,6.5
Neuberger Berman Short Duration Emerging Market Debt Fund SGD-Hedged (Dist.),IE00BMN94165,Fixed Income,Short Duration IG,Emerging Markets,"SGD Cash, SRS",Distributing,4,0.58,5.0,5.9,6.6
Goldman Sachs Emerging Markets Corporate Bond Portfolio Fund,LU0622305505,Fixed Income,IG Corporate,Emerging Markets,USD Cash,Accumulating,5,0.85,7.9,7.4,
Goldman Sachs Emerging Markets Corporate Bond Portfolio Fund AUD-Hedged (Dist.),LU1623917553,Fixed Income,IG Corporate,Emerging Markets,AUD Cash,Distributing,5,0.76,7.4,6.6,5.5
Goldman Sachs Emerging Markets Corporate Bond Portfolio Fund SGD-Hedged (Dist.),LU1574459795,Fixed Income,IG Corporate,Emerging Markets,SGD Cash,Distributing,5,0.76,5.1,5.3,5.6
PIMCO GIS Capital Securities Fund,IE00B6VH4D24,Fixed Income,Investment Grade,Global,USD Cash,Accumulating,5,0.79,9.5,11.1,
PIMCO GIS Capital Securities Fund SGD-Hedged (Dist.),IE000VTLDQA1,Fixed Income,Investment Grade,Global,"SGD Cash, SRS",Distributing,5,0.79,6.6,8.8,5.1
PIMCO GIS Income Fund,IE00B87KCF77,Fixed Income,Investment Grade,Global,USD Cash,Accumulating,2,0.55,7.2,7.3,
PIMCO GIS Income Fund (Dist.),IE00B8JDQ960,Fixed Income,Investment Grade,Global,USD Cash,Distributing,2,0.55,7.2,7.4,6.0
PIMCO GIS Income Fund GBP-Hedged (Dist.),IE00B8RHFL59,Fixed Income,Investment Grade,Global,GBP Cash,Distributing,2,0.55,6.9,7.0,6.2
PIMCO GIS Income Fund AUD-Hedged,IE00BYVP8G39,Fixed Income,Investment Grade,Global,AUD Cash,Accumulating,2,0.55,6.7,6.3,
PIMCO GIS Income Fund AUD-Hedged (Dist.),IE00BD971V01,Fixed Income,Investment Grade,Global,AUD Cash,Distributing,2,0.55,6.2,5.8,6.5
PIMCO GIS Income Fund EUR-Hedged,IE00B80G9288,Fixed Income,Investment Grade,Global,EUR Cash,Accumulating,2,0.55,4.9,5.3,
PIMCO GIS Income Fund SGD-Hedged (Dist.),IE00BSTL7535,Fixed Income,Investment Grade,Global,"SGD Cash, SRS",Distributing,2,0.55,4.4,5.2,6.5
PIMCO GIS Low Duration Income Fund,IE00BDT57R20,Fixed Income,Short Duration IG,Global,USD Cash,Accumulating,2,0.55,7.6,7.6,
PIMCO GIS Low Duration Income Fund SGD-Hedged,IE00BMY4TJ39,Fixed Income,Short Duration IG,Global,"SGD Cash, SRS",Accumulating,2,0.55,4.8,5.4,
PIMCO GIS Global Investment Grade Credit Fund,IE0034085260,Fixed Income,IG Corporate,Global,USD Cash,Accumulating,2,0.49,4.7,5.6,
PIMCO GIS Global Investment Grade Credit Fund (Dist.),IE0033386453,Fixed Income,IG Corporate,Global,USD Cash,Distributing,2,0.49,4.7,5.6,4.5
PIMCO GIS Diversified Income Fund AUD-Hedged (Dist.),IE00B95MX153,Fixed Income,Investment Grade,Global,AUD Cash,Distributing,3,0.88,7.2,6.1,4.8
PIMCO GIS Diversified Income Fund SGD-Hedged (Dist.),IE00BK5WW150,Fixed Income,Investment Grade,Global,"SGD Cash, SRS",Distributing,3,0.69,6.0,5.8,5.8
PIMCO GIS ESG Income Fund,IE00BMW4NH15,Fixed Income,Investment Grade,Global,USD Cash,Accumulating,2,0.59,5.8,5.7,
Wellington Credit Income (Dist.),LU2361429496,Fixed Income,IG Corporate,Global,USD Cash,Distributing,3,0.84,8.5,7.8,6.6
Wellington Credit Income SGD-Hedged (Dist.),LU2361428332,Fixed Income,IG Corporate,Global,SGD Cash,Distributing,3,0.84,5.3,5.4,4.2
Robeco Credit Income Fund (Dist.),LU1806346737,Fixed Income,Credit,Global,USD Cash,Distributing,3,0.71,6.1,6.5,6.1
Allspring Climate Transition Global Investment Grade Credit Fund,LU1826612522,Fixed Income,IG Climate,Global,USD Cash,Accumulating,2,0.45,4.5,5.5,
HSBC GIF Ultra Short Duration Bond Fund (Dist.),LU2334455339,Fixed Income,Ultra Short,Global,USD Cash,Distributing,2,0.33,4.4,5.4,4.3
JPM Income Fund,LU1041599405,Fixed Income,Multi-Sector,Global,USD Cash,Accumulating,2,0.69,4.7,5.4,
JPM Income Fund (Dist.),LU1128926489,Fixed Income,Multi-Sector,Global,USD Cash,Distributing,2,0.7,4.7,5.4,6.3
Barings Global High Yield Bond Fund (Dist.),IE00BFM0MQ22,Fixed Income,High Yield,Global,USD Cash,Distributing,4,0.7,8.7,8.7,9.6
Barings Global High Yield Bond Fund SGD-Hedged,IE00BFM0NB44,Fixed Income,High Yield,Global,SGD Cash,Accumulating,4,0.71,5.8,6.4,
Barings Global High Yield Bond Fund SGD-Hedged (Dist.),IE00BFM0NC50,Fixed Income,High Yield,Global,SGD Cash,Distributing,4,0.71,5.8,6.4,6.0
Barings Global Senior Secured Bond Fund (Dist.),IE00BFM0L210,Fixed Income,Senior Secured HY,Global,USD Cash,Distributing,4,0.71,6.6,7.9,8.8
PIMCO GIS US High Yield Bond Fund,IE0002460974,Fixed Income,High Yield Corporate,US,USD Cash,Accumulating,4,0.55,8.5,8.4,
PIMCO GIS Asia High Yield Bond Fund SGD-Hedged (Dist.),IE00BGSXS868,Fixed Income,HY Corporate,Asia,"SGD Cash, SRS",Distributing,5,0.86,6.1,5.4,6.1
PIMCO GIS Global High Yield Bond Fund SGD-Hedged (Dist.),IE00BYZWMV33,Fixed Income,HY Corporate,Global,"SGD Cash, SRS",Distributing,4,0.8,4.2,5.3,5.2
Allianz Global High Yield Fund SGD-Hedged (Dist.),LU2049825206,Fixed Income,HY Corporate,Global,"SGD Cash, SRS",Distributing,4,0.85,4.4,5.7,5.1
AB Short Duration High Yield Portfolio Fund SGD-Hedged (Dist.),LU1306336097,Fixed Income,Short Duration HY,Global,SGD Cash,Distributing,3,0.75,4.5,5.3,4.2
Manulife GF - Preferred Securities Income Fund (Dist.),LU1813986715,Fixed Income,Investment Grade,US,USD Cash,Distributing,4,0.76,7.7,7.5,7.3
AB American Income Portfolio Fund,LU0249549436,Fixed Income,Investment Grade,US,USD Cash,Accumulating,2,0.77,5.1,5.7,
AB American Income Portfolio Fund (Dist.),LU0871809306,Fixed Income,Investment Grade,US,USD Cash,Distributing,2,0.76,5.2,5.8,7.0
Neuberger Berman Strategic Income Fund,IE00B87L2R26,Fixed Income,Investment Grade,US,USD Cash,Accumulating,2,0.6,6.1,5.9,
Neuberger Berman Strategic Income Fund (Dist.),IE00B7BTH691,Fixed Income,Investment Grade,US,USD Cash,Distributing,2,0.59,6.1,5.9,6.6
UBS Asia Flexible Bond Fund,LU0464244333,Fixed Income,IG Corporate,Asia,USD Cash,Accumulating,4,0.87,6.2,5.2,
Eastspring Asia Select Bond Fund,LU2068974737,Fixed Income,Investment Grade,Asia,USD Cash,Accumulating,4,0.74,5.8,6.0,
Manulife SGD Income Fund USD-Hedged (Dist.),SG9999015804,Fixed Income,Investment Grade,Asia,USD Cash,Distributing,4,0.57,10.0,6.4,4.5
Eastspring Singapore Select Bond Fund SGD-Hedged,SG9999007454,Fixed Income,Investment Grade,Singapore,"SGD Cash, CPF OA, CPF SA, SRS",Accumulating,2,0.35,6.4,5.5,
UOBAM United Singapore Bond Fund,SG9999003412,Fixed Income,Investment Grade,Singapore,"SGD Cash, CPF OA, CPF SA, SRS",Accumulating,2,0.49,7.2,5.1,
Fullerton Short Term Interest Rate Fund USD-Hedged,SG9999015671,Fixed Income,Short Duration IG Corp,Global,USD Cash,Accumulating,2,0.3,5.7,5.9,
Amova (formerly Nikko AM) Short Term Bond Fund USD-Hedged,SG9999015572,Fixed Income,Short Duration IG,Asia,USD Cash,Accumulating,2,0.27,5.8,5.9,
LionGlobal Short Duration Bond Fund USD-Hedged,SG9999016034,Fixed Income,Short Duration IG Corp,Asia,USD Cash,Accumulating,2,0.2,6.4,5.8,
UOBAM United SGD Fund USD-Hedged (Dist.),SG9999014872,Fixed Income,Short Duration IG,Asia,USD Cash,Distributing,2,0.34,5.1,5.5,2.8
